{"cameraMode":{"drawMode":0,"name":"Shaded","section":"Shading Mode"},"sceneLighting":false,"audioPlay":false,"sceneViewState":{"m_AlwaysRefresh":false,"showFog":true,"showSkybox":false,"showFlares":true,"showImageEffects":true,"showParticleSystems":true,"showVisualEffectGraphs":true,"m_FxEnabled":true},"in2DMode":false,"pivot":{"x":-0.20590731501579286,"y":0.0622921958565712,"z":-0.0815419927239418},"rotation":{"x":0.05623999610543251,"y":0.7038144469261169,"z":-0.05607138201594353,"w":0.7059295773506165},"size":0.08660253882408142,"orthographic":false}