{"cameraMode":{"drawMode":0,"name":"Shaded","section":"Shading Mode"},"sceneLighting":false,"audioPlay":false,"sceneViewState":{"m_AlwaysRefresh":false,"showFog":true,"showSkybox":false,"showFlares":true,"showImageEffects":true,"showParticleSystems":true,"showVisualEffectGraphs":true,"m_FxEnabled":true},"in2DMode":false,"pivot":{"x":534.976806640625,"y":982.5260620117188,"z":-20.555889129638673},"rotation":{"x":-0.005223758053034544,"y":-0.8907331228256226,"z":-0.011369891464710236,"w":0.45438793301582339},"size":46.123313903808597,"orthographic":false}